1,195 W Oakland Ave,Salt Lake City,UT,84115,0.4375,21,
3,233 Canyon Rd,Salt Lake City,UT,84103,EOD,2,Can only be on truck 2
8,300 State St,Salt Lake City,UT,84103,EOD,9,
9,300 State St,Salt Lake City,UT,84103,EOD,2,Wrong address listed
30,300 State St,Salt Lake City,UT,84103,0.4375,1,
13,2010 W 500 S,Salt Lake City,UT,84104,0.4375,2,
27,1060 Dalton Ave S,Salt Lake City,UT,84104,EOD,5,
35,1060 Dalton Ave S,Salt Lake City,UT,84104,EOD,88,
39,2010 W 500 S,Salt Lake City,UT,84104,EOD,9,
10,600 E 900 South,Salt Lake City,UT,84105,EOD,1,
2,2530 S 500 E,Salt Lake City,UT,84106,EOD,44,
7,1330 2100 S,Salt Lake City,UT,84106,EOD,8,
29,1330 2100 S,Salt Lake City,UT,84106,0.4375,2,
33,2530 S 500 E,Salt Lake City,UT,84106,EOD,1,
24,5025 State St,Murray,UT,84107,EOD,7,
5,410 S State St,Salt Lake City,UT,84111,EOD,5,
37,410 S State St,Salt Lake City,UT,84111,0.4375,2,
38,410 S State St,Salt Lake City,UT,84111,EOD,9,Can only be on truck 2
4,380 W 2880 S,Salt Lake City,UT,84115,EOD,4,
19,177 W Price Ave,Salt Lake City,UT,84115,EOD,37,
20,3595 Main St,Salt Lake City,UT,84115,0.4375,37,"Must be delivered with 13, 15"
21,3595 Main St,Salt Lake City,UT,84115,EOD,3,
28,2835 Main St,Salt Lake City,UT,84115,EOD,7,Delayed on flight---will not arrive to depot until 9:05 am
40,380 W 2880 S,Salt Lake City,UT,84115,0.4375,45,
14,4300 S 1300 E,Millcreek,UT,84117,0.4375,88,"Must be delivered with 15, 19"
15,4580 S 2300 E,Holladay,UT,84117,0.375,4,
16,4580 S 2300 E,Holladay,UT,84117,0.4375,88,"Must be delivered with 13, 19"
25,5383 South 900 East #104,Salt Lake City,UT,84117,0.4375,7,Delayed on flight---will not arrive to depot until 9:05 am
26,5383 South 900 East #104,Salt Lake City,UT,84117,EOD,25,
34,4580 S 2300 E,Holladay,UT,84117,0.4375,2,
11,2600 Taylorsville Blvd,Salt Lake City,UT,84118,EOD,1,
23,5100 South 2700 West,Salt Lake City,UT,84118,EOD,5,
6,3060 Lester St,West Valley City,UT,84119,0.4375,88,Delayed on flight---will not arrive to depot until 9:05 am
12,3575 W Valley Central Station bus Loop,West Valley City,UT,84119,EOD,1,
17,3148 S 1100 W,Salt Lake City,UT,84119,EOD,2,
31,3365 S 900 W,Salt Lake City,UT,84119,0.4375,1,
32,3365 S 900 W,Salt Lake City,UT,84119,EOD,1,Delayed on flight---will not arrive to depot until 9:05 am
36,2300 Parkway Blvd,West Valley City,UT,84119,EOD,88,Can only be on truck 2
22,6351 South 900 East,Murray,UT,84121,EOD,2,
18,1488 4800 S,Salt Lake City,UT,84123,EOD,6,Can only be on truck 2
